timestamp,project_name,run_id,experiment_id,duration,emissions,emissions_rate,cpu_power,gpu_power,ram_power,cpu_energy,gpu_energy,ram_energy,energy_consumed,water_consumed,country_name,country_iso_code,region,cloud_provider,cloud_region,os,python_version,codecarbon_version,cpu_count,cpu_model,gpu_count,gpu_model,longitude,latitude,ram_total_size,tracking_mode,cpu_utilization_percent,gpu_utilization_percent,ram_utilization_percent,ram_used_gb,on_cloud,pue,wue
2026-06-20T14:45:46,codecarbon,15625bf2-d485-4ed6-ad57-51ef34557b67,5b0fa12a-3dd7-45bb-9766-cc326314d9f1,7.262201600009575,2.374736634740675e-06,3.269995471810565e-07,2.8563977932000006,0.0,10.0,5.364883716803674e-06,0.0,1.878137888884845e-05,2.414626260565212e-05,0.0,Brazil,BRA,ceará,,,Windows-11-10.0.26200-SP0,3.13.10,3.2.8,8,11th Gen Intel(R) Core(TM) i5-1135G7 @ 2.40GHz,0,,-40.6695,-5.1777,7.784477233886719,machine,0.0,0,82.84,6.447831726074218,N,1.0,0.0
2026-06-20T14:45:57,codecarbon,d3314860-44e2-4acb-95d8-9dd90b83b603,5b0fa12a-3dd7-45bb-9766-cc326314d9f1,8.192967300012242,6.681446180591498e-06,8.155099289339912e-07,21.79652428,0.0,10.0,4.657113431256565e-05,0.0,2.1365643055469266e-05,6.793677736803491e-05,0.0,Brazil,BRA,ceará,,,Windows-11-10.0.26200-SP0,3.13.10,3.2.8,8,11th Gen Intel(R) Core(TM) i5-1135G7 @ 2.40GHz,0,,-40.6695,-5.1777,7.784477233886719,machine,16.666666666666668,0,83.28333333333333,6.483572642008464,N,1.0,0.0
2026-06-20T14:46:03,codecarbon,4b22b13a-c65c-44ef-8a99-33c18d7f6ec7,5b0fa12a-3dd7-45bb-9766-cc326314d9f1,3.9733921999577433,1.6342177978646576e-06,4.112903321957589e-07,7.225870749999999,0.0,10.0,6.970574514121295e-06,0.0,9.646111111053162e-06,1.6616685625174458e-05,0.0,Brazil,BRA,ceará,,,Windows-11-10.0.26200-SP0,3.13.10,3.2.8,8,11th Gen Intel(R) Core(TM) i5-1135G7 @ 2.40GHz,0,,-40.6695,-5.1777,7.784477233886719,machine,0.0,0,82.94999999999999,6.457067489624023,N,1.0,0.0
2026-06-20T14:46:26,codecarbon,c8104ad3-45bf-4e1b-8b46-3f0fb2fa6f27,5b0fa12a-3dd7-45bb-9766-cc326314d9f1,20.346677599998657,1.958634488886384e-05,9.62631112259091e-07,25.43804521216,0.0,10.0,0.0001454254916157,0.0,5.372797250003916e-05,0.0001991534641158,0.0,Brazil,BRA,ceará,,,Windows-11-10.0.26200-SP0,3.13.10,3.2.8,8,11th Gen Intel(R) Core(TM) i5-1135G7 @ 2.40GHz,0,,-40.6695,-5.1777,7.784477233886719,machine,16.666666666666668,0,81.77777777777777,6.365689595540364,N,1.0,0.0
2026-06-20T14:46:34,codecarbon,5ecd2b51-66cd-495d-8b9c-f6318f987dd2,5b0fa12a-3dd7-45bb-9766-cc326314d9f1,5.361083200026769,1.7045252719754538e-06,3.179441930628763e-07,2.8451622808000003,0.0,10.0,3.8390205380898064e-06,0.0,1.3492549722367484e-05,1.733157026045729e-05,0.0,Brazil,BRA,ceará,,,Windows-11-10.0.26200-SP0,3.13.10,3.2.8,8,11th Gen Intel(R) Core(TM) i5-1135G7 @ 2.40GHz,0,,-40.6695,-5.1777,7.784477233886719,machine,0.0,0,79.86666666666667,6.218589782714844,N,1.0,0.0
2026-06-20T14:46:45,codecarbon,a40214db-84d8-447d-b052-c0a9e9d3c014,5b0fa12a-3dd7-45bb-9766-cc326314d9f1,8.392063000006601,6.886841792403266e-06,8.206375229068048e-07,21.9458405332,0.0,10.0,4.810565674736599e-05,0.0,2.1919578055611863e-05,7.002523480297785e-05,0.0,Brazil,BRA,ceará,,,Windows-11-10.0.26200-SP0,3.13.10,3.2.8,8,11th Gen Intel(R) Core(TM) i5-1135G7 @ 2.40GHz,0,,-40.6695,-5.1777,7.784477233886719,machine,16.666666666666668,0,80.28333333333335,6.248262405395508,N,1.0,0.0
2026-06-20T14:46:52,codecarbon,59d6a62f-a303-45c8-b0a4-f816dc3515e4,5b0fa12a-3dd7-45bb-9766-cc326314d9f1,4.511431099963374,1.932850581275529e-06,4.284340242481418e-07,7.64299648,0.0,10.0,8.514076007186825e-06,0.0,1.1139100277796388e-05,1.9653176284983213e-05,0.0,Brazil,BRA,ceará,,,Windows-11-10.0.26200-SP0,3.13.10,3.2.8,8,11th Gen Intel(R) Core(TM) i5-1135G7 @ 2.40GHz,0,,-40.6695,-5.1777,7.784477233886719,machine,50.0,0,80.4,6.257932662963867,N,1.0,0.0
2026-06-20T14:47:14,codecarbon,8c2d74df-e69b-4af3-bb29-8c8d9580cdfa,5b0fa12a-3dd7-45bb-9766-cc326314d9f1,20.26544770004693,1.953636324321332e-05,9.640232741153834e-07,25.4784003376,0.0,10.0,0.0001451377575504,0.0,5.350749444462256e-05,0.000198645251995,0.0,Brazil,BRA,ceará,,,Windows-11-10.0.26200-SP0,3.13.10,3.2.8,8,11th Gen Intel(R) Core(TM) i5-1135G7 @ 2.40GHz,0,,-40.6695,-5.1777,7.784477233886719,machine,0.0,0,80.08333333333333,6.233534706963433,N,1.0,0.0
2026-06-20T14:47:23,codecarbon,019ce7f9-1c17-4dd2-b691-7664e5532838,5b0fa12a-3dd7-45bb-9766-cc326314d9f1,5.478249200037681,1.7466971906708756e-06,3.188422298603834e-07,2.8459308556000003,0.0,10.0,3.934827717638411e-06,0.0,1.382554555554331e-05,1.776037327318172e-05,0.0,Brazil,BRA,ceará,,,Windows-11-10.0.26200-SP0,3.13.10,3.2.8,8,11th Gen Intel(R) Core(TM) i5-1135G7 @ 2.40GHz,0,,-40.6695,-5.1777,7.784477233886719,machine,0.0,0,80.13333333333333,6.235800425211589,N,1.0,0.0
2026-06-20T14:47:34,codecarbon,c35222f4-802a-4b66-90c4-60390dc795b3,5b0fa12a-3dd7-45bb-9766-cc326314d9f1,8.664018300012685,6.260656559603132e-06,7.226042631505021e-07,18.07376748625,0.0,10.0,4.0983259321992594e-05,0.0,2.26749397222496e-05,6.36581990442422e-05,0.0,Brazil,BRA,ceará,,,Windows-11-10.0.26200-SP0,3.13.10,3.2.8,8,11th Gen Intel(R) Core(TM) i5-1135G7 @ 2.40GHz,0,,-40.6695,-5.1777,7.784477233886719,machine,57.142857142857146,0,80.15714285714286,6.239488874162946,N,1.0,0.0
2026-06-20T14:47:41,codecarbon,9d97d768-5339-4093-b7ed-b9a4f04a9fd5,5b0fa12a-3dd7-45bb-9766-cc326314d9f1,4.500434199988376,1.7217990916695734e-06,3.8258510516030217e-07,5.7600269188,0.0,10.0,6.398820304134432e-06,0.0,1.1108389722196285e-05,1.7507210026330715e-05,0.0,Brazil,BRA,ceará,,,Windows-11-10.0.26200-SP0,3.13.10,3.2.8,8,11th Gen Intel(R) Core(TM) i5-1135G7 @ 2.40GHz,0,,-40.6695,-5.1777,7.784477233886719,machine,0.0,0,80.55,6.27166748046875,N,1.0,0.0
2026-06-20T14:48:03,codecarbon,a6f970be-e35a-4032-9f93-73dee003da61,5b0fa12a-3dd7-45bb-9766-cc326314d9f1,20.206979500013404,1.94833783364394e-05,9.641905330990451e-07,25.48567068124,0.0,10.0,0.0001447641625128,0.0,5.3342340277676064e-05,0.0001981065027904,0.0,Brazil,BRA,ceará,,,Windows-11-10.0.26200-SP0,3.13.10,3.2.8,8,11th Gen Intel(R) Core(TM) i5-1135G7 @ 2.40GHz,0,,-40.6695,-5.1777,7.784477233886719,machine,0.0,0,79.96666666666667,6.225003984239367,N,1.0,0.0
2026-06-20T14:48:12,codecarbon,25d261b8-6eb4-4b28-ba48-bb042e1ece11,5b0fa12a-3dd7-45bb-9766-cc326314d9f1,5.601706299989019,1.7919729995818716e-06,3.198977068086173e-07,2.85988703896,0.0,10.0,4.052214619413655e-06,0.0,1.416852194443992e-05,1.822073656385357e-05,0.0,Brazil,BRA,ceará,,,Windows-11-10.0.26200-SP0,3.13.10,3.2.8,8,11th Gen Intel(R) Core(TM) i5-1135G7 @ 2.40GHz,0,,-40.6695,-5.1777,7.784477233886719,machine,0.0,0,80.025,6.23077392578125,N,1.0,0.0
2026-06-20T14:48:23,codecarbon,a2727a96-5cac-4086-8f80-43279bbbaf21,5b0fa12a-3dd7-45bb-9766-cc326314d9f1,8.535194600000978,7.065242764785129e-06,8.277775839796692e-07,22.1896174996,0.0,10.0,4.952209614276135e-05,0.0,2.2317115277756887e-05,7.183921142051825e-05,0.0,Brazil,BRA,ceará,,,Windows-11-10.0.26200-SP0,3.13.10,3.2.8,8,11th Gen Intel(R) Core(TM) i5-1135G7 @ 2.40GHz,0,,-40.6695,-5.1777,7.784477233886719,machine,64.28333333333333,0,80.51666666666667,6.267160415649414,N,1.0,0.0
2026-06-20T14:48:30,codecarbon,b73a87b1-f97a-4e05-9e6c-8dadad97bfdb,5b0fa12a-3dd7-45bb-9766-cc326314d9f1,4.777022500056773,1.8653362846640288e-06,3.904809501403563e-07,5.9681301841000005,0.0,10.0,7.089076497324731e-06,0.0,1.187761611120853e-05,1.896669260853326e-05,0.0,Brazil,BRA,ceará,,,Windows-11-10.0.26200-SP0,3.13.10,3.2.8,8,11th Gen Intel(R) Core(TM) i5-1135G7 @ 2.40GHz,0,,-40.6695,-5.1777,7.784477233886719,machine,0.0,0,80.33333333333333,6.253986358642578,N,1.0,0.0
2026-06-20T14:48:53,codecarbon,a134d461-c3d9-4659-9a8c-11c83ade4640,5b0fa12a-3dd7-45bb-9766-cc326314d9f1,20.41601149999769,1.96525891900881e-05,9.626066869177812e-07,25.40892479944,0.0,10.0,0.0001459023325667,0.0,5.392470194427814e-05,0.000199827034511,0.0,Brazil,BRA,ceará,,,Windows-11-10.0.26200-SP0,3.13.10,3.2.8,8,11th Gen Intel(R) Core(TM) i5-1135G7 @ 2.40GHz,0,,-40.6695,-5.1777,7.784477233886719,machine,16.666666666666668,0,80.25555555555555,6.247945573594835,N,1.0,0.0
2026-06-20T14:49:02,codecarbon,e58996f7-d533-45c1-9144-46e73d059c97,5b0fa12a-3dd7-45bb-9766-cc326314d9f1,6.704361100040842,2.198287198367209e-06,3.27889140451253e-07,2.9719539304,0.0,10.0,5.121208601822297e-06,0.0,1.7230920555529238e-05,2.2352129157351534e-05,0.0,Brazil,BRA,ceará,,,Windows-11-10.0.26200-SP0,3.13.10,3.2.8,8,11th Gen Intel(R) Core(TM) i5-1135G7 @ 2.40GHz,0,,-40.6695,-5.1777,7.784477233886719,machine,0.0,0,80.46000000000001,6.264292144775391,N,1.0,0.0
2026-06-20T14:49:16,codecarbon,b44f23f0-8f2b-42c9-a98f-432cb0ec65cc,5b0fa12a-3dd7-45bb-9766-cc326314d9f1,10.678038899961392,9.140660458255774e-06,8.560242703638046e-07,22.87765785844,0.0,10.0,6.467344264155765e-05,0.0,2.8268563888882963e-05,9.294200653044062e-05,0.0,Brazil,BRA,ceará,,,Windows-11-10.0.26200-SP0,3.13.10,3.2.8,8,11th Gen Intel(R) Core(TM) i5-1135G7 @ 2.40GHz,0,,-40.6695,-5.1777,7.784477233886719,machine,65.27777777777777,0,81.28888888888889,6.327362060546875,N,1.0,0.0
2026-06-20T14:49:25,codecarbon,7d97823b-7902-43cd-9dfe-b17625e5c6bd,5b0fa12a-3dd7-45bb-9766-cc326314d9f1,6.021214000007603,2.4234418327709877e-06,4.024839231370829e-07,6.070354444000001,0.0,10.0,9.308286394446691e-06,0.0,1.533320944452296e-05,2.464149583896965e-05,0.0,Brazil,BRA,ceará,,,Windows-11-10.0.26200-SP0,3.13.10,3.2.8,8,11th Gen Intel(R) Core(TM) i5-1135G7 @ 2.40GHz,0,,-40.6695,-5.1777,7.784477233886719,machine,0.0,0,81.825,6.369200706481934,N,1.0,0.0
2026-06-20T14:49:50,codecarbon,7030ce22-8a78-405f-af7a-64171f85a91c,5b0fa12a-3dd7-45bb-9766-cc326314d9f1,22.52925789996516,2.1749249422992515e-05,9.653779773645428e-07,26.15453594764,0.0,10.0,0.0001613561440632066,0.0,5.9789679166472823e-05,0.00022114582322967945,0.0,Brazil,BRA,ceará,,,Windows-11-10.0.26200-SP0,3.13.10,3.2.8,8,11th Gen Intel(R) Core(TM) i5-1135G7 @ 2.40GHz,0,,-40.6695,-5.1777,7.784477233886719,machine,24.375,0,80.935,6.300509071350097,N,1.0,0.0
